-- INSERT INTO client (name, birth_date, id, animal_id) VALUES('Миша', '1999-05-20', 1, 1),
-- med
insert into med (name, id) 
values ('Ketoprofen', 1),
       ('Meperidine Hydrochloride', 2),
       ('levofloxacin', 3),
       ('Acarbose', 4),
       ('Levofloxacin', 5),
       ('Diphenhydramine Hydrochloride', 6),
       ('Sodium fluoride Potassium Nitrate', 7),
       ('Diltiazem Hydrochloride', 8),
       ('Triclosan', 9),
       ('Atorvastatin Calcium', 10),
       ('Benzalkonium Chloride', 11),
       ('Dextromethorphan Hydrobromide, Guaifenesin, Phenylephrine Hydrochloride', 12),
       ('Diphenhydramine HCl, Phenylephrine HCl', 13),
       ('azithromycin dihydrate', 14),
       ('laricifomes officinalis fruiting body', 15),
       ('Phenazopyridine', 16),
       ('hydrogen peroxide', 17),
       ('Acyclovir', 18),
       ('SODIUM FLUORIDE', 19),
       ('Lorazepam', 20),
       ('Montelukast Sodium', 21),
       ('Octinoxate, Octisalate, Oxybenzone, Titanium Dioxide', 22),
       ('Ramipril', 23),
       ('Chloroxylenol', 24),
       ('Petrolatum', 25),
       ('Hydrocotyle asiatica, Echinacea purpurea, and Sambucus Nigra Flower', 26),
       ('Acetaminophen', 27),
       ('SODIUM MONOFLUOROPHOSPHATE', 28),
       ('bacitracin, neomycin, polymyxin B', 29),
       ('Meloxicam', 30),
       ('Acetaminophen, Dextromethorphan Hydrobromide, Phenylephrine Hydrochloride', 31),
       ('PRAMOXINE HYDROCHLORIDE', 32),
       ('Hydrocodone Bitartrate and Ibuprofen', 33),
       ('Benzalkonium Chloride', 34),
       ('Abies nigra, Aconitum napellus, Arsenicum iodatum, Avena sativa, Ignatia amara, Lung suis, Nux vomica, Plantago major, Quebracho, Sticta pulmonaria, Tabacum,', 35),
       ('Urinary Pain Relief', 36),
       ('zinc acetate and zinc gluconate', 37),
       ('quinapril hydrochloride', 38),
       ('Magnesium citrate', 39),
       ('Cultivated Wheat', 40),
       ('Zolmitriptan', 41),
       ('Mirtazapine', 42),
       ('BENZALKONIUM CHLORIDE', 43),
       ('hydrocodone bitartrate and acetaminophen', 44),
       ('AESCULUS HIPPOCASTANUM, HAMAMELIS VIRGINIANA, PAEONIA OFFICINALIS, COLLINSONIA, TEUCRIUM MARUM, VERBASCUM, BOLDO, SULPHUR, SODIUM NITRATE, RATANHIA, ACIDUM NITRICUM, NATRUM MURIATICUM, PODOPHYLLUM PELTATUM, RUTA GRAVEOLENS, APIS MELLIFICA', 45),
       ('Fluticasone Propionate', 46),
       ('Titanium dioxide and Zinc oxide', 47),
       ('Octinoxate Titanium Dioxide', 48),
       ('Menthol', 49),
       ('Acetaminophen, Dextromethorphan Hydrobromide, Phenylephrine Hydrochloride', 50),
       ('Diltiazem Hydrochloride', 51),
       ('Eucalyptus e fol. 5', 52),
       ('ALPHA.1-PROTEINASE INHIBITOR HUMAN', 53),
       ('SALICYLIC ACID', 54),
       ('Aconitum napellus, Apis mellifica, Arnica montana, Berberis vulgaris, Bryonia (alba), Calcarea fluorica, Cartilago suis, Cimicifuga racemosa, Colchicum autumnale,', 55),
       ('Tolnaftate', 56),
       ('Diclofenac Sodium', 57),
       ('Aluminum hydroxide, Magnesium hydroxide, Simethicone', 58),
       ('Dextromethorphan Hydrobromide / Guaifenesin', 59),
       ('OCTINOXATE', 60),
       ('TITANIUM DIOXIDE, ZINC OXIDE', 61),
       ('Ranitidine', 62),
       ('triamcinolone acetonide', 63),
       ('Ethambutol Hydrochloride', 64),
       ('Tramadol Hydrochloride', 65),
       ('Zinc Oxide and Titanium Dioxide', 66),
       ('Hydrochlorothiazide', 67),
       ('Atenolol', 68),
       ('Menthol', 69),
       ('Phenytoin Sodium', 70),
       ('Anti-Inhibitor Coagulant Complex', 71),
       ('Trichoderma', 72),
       ('Chlorhexidine gluconate and Propylene Glycol', 73),
       ('Acyclovir', 74),
       ('Minoxidil', 75),
       ('Miconazole Nitrate', 76),
       ('HYDROCODONE BITARTRATE, ACETAMINOPHEN', 77),
       ('SIROLIMUS', 78),
       ('Oxymetazoline Hydrochloride', 79),
       ('Treatment Set TS347116', 80),
       ('Causticum, Chininum Sulphuricum, Cinchona Officinalis, Pulsatilla, Thiosinaminum', 81),
       ('Witch Hazel Pad', 82),
       ('ARNICA MONTANA', 83),
       ('ALUMINUM ZIRCONIUM TETRACHLOROHYDREX GLY', 84),
       ('PREGABALIN', 85),
       ('topiramate', 86),
       ('benzoyl peroxide', 87),
       ('Omeprazole', 88),
       ('Folic Acid', 89),
       ('citalopram hydrobromide', 90),
       ('Desvenlafaxine', 91),
       ('CYCLOBENZAPRINE HYDROCHLORIDE', 92),
       ('GLYCERIN ALLANTOIN', 93),
       ('Irbesartan', 94),
       ('Promethazine Hydrochloride and Codeine Phosphate', 95),
       ('Camphor, Menthol, Methyl Salicylate', 96),
       ('pravastatin sodium', 97),
       ('LIDOCAINE HYDROCHLORIDE, MENTHOL', 98),
       ('Phenytoin Sodium', 99),
       ('desipramine hydrochloride', 100);

-- equi
insert into equipment (name, id) 
values ('DG BODY', 1),
       ('Levetiracetam', 2),
       ('Lexapro', 3),
       ('CEFTIN', 4),
       ('Keppra', 5),
       ('Salsalate', 6),
       ('Illuminating Mineral Beauty Balm with SPF 9', 7),
       ('Doxycycline', 8),
       ('Clindamycin Phosphate', 9),
       ('BLATELLA GERMANICA', 10),
       ('Loratadine and Pseudoephedrine Sulfate', 11),
       ('Bromocriptine mesylate', 12),
       ('Cladosporium cladosporioides', 13),
       ('IMITREX', 14),
       ('Geopathic Stress', 15),
       ('Helium', 16),
       ('Badger SPF 35 Sport Sunscreen Face Stick', 17),
       ('Famotidine', 18),
       ('Nuvigil', 19),
       ('LOSARTAN POTASSIUM', 20);

-- anim
insert into animal (name, id, sex) 
values ('Marlo', 1, 'Female'),
       ('Lisetta', 2, 'Female'),
       ('Jeannie', 3, 'Female'),
       ('Cloe', 4, 'Female'),
       ('Malcolm', 5, 'Male'),
       ('Zacharias', 6, 'Male'),
       ('Rori', 7, 'Female'),
       ('Ariela', 8, 'Female'),
       ('Jermain', 9, 'Male'),
       ('Vidovik', 10, 'Male'),
       ('Althea', 11, 'Female'),
       ('Ruprecht', 12, 'Male'),
       ('Libbi', 13, 'Female'),
       ('Olimpia', 14, 'Female'),
       ('Penelope', 15, 'Female'),
       ('Anissa', 16, 'Female'),
       ('Ignacius', 17, 'Male'),
       ('Bertie', 18, 'Male'),
       ('Anthony', 19, 'Male'),
       ('Levi', 20, 'Male'),
       ('Fancie', 21, 'Female'),
       ('Ed', 22, 'Male'),
       ('Dewain', 23, 'Male'),
       ('Elita', 24, 'Female'),
       ('Gisela', 25, 'Female'),
       ('Shea', 26, 'Female'),
       ('Shellysheldon', 27, 'Male'),
       ('Burtie', 28, 'Male'),
       ('Dag', 29, 'Male'),
       ('Heidi', 30, 'Female'),
       ('Jacob', 31, 'Male'),
       ('Quintilla', 32, 'Female'),
       ('Erek', 33, 'Male'),
       ('Joceline', 34, 'Female'),
       ('Zsazsa', 35, 'Female'),
       ('Archie', 36, 'Male'),
       ('Selia', 37, 'Female'),
       ('Abby', 38, 'Male'),
       ('Louie', 39, 'Male'),
       ('Althea', 40, 'Female'),
       ('Abbie', 41, 'Male'),
       ('Devonna', 42, 'Female'),
       ('Rochella', 43, 'Female'),
       ('Fanni', 44, 'Female'),
       ('Mirella', 45, 'Female'),
       ('Carin', 46, 'Female'),
       ('Klaus', 47, 'Male'),
       ('Eryn', 48, 'Female'),
       ('Chelsy', 49, 'Female'),
       ('Amata', 50, 'Female');

-- client
insert into client (name, birth_date, id, animal_id) 
values ('Kacey', '1955/12/21', 1, 1),
       ('Tripp', '1992/08/13', 2, 2),
       ('Adamo', '1994/06/28', 3, 3),
       ('Thadeus', '1954/05/09', 4, 4),
       ('Humberto', '1975/02/04', 5, 5),
       ('Winnifred', '1973/07/16', 6, 6),
       ('Karylin', '1972/01/24', 7, 7),
       ('Van', '1996/01/21', 8, 8),
       ('Kerianne', '1998/10/08', 9, 9),
       ('Leonerd', '1993/06/05', 10, 10),
       ('Markus', '1993/03/06', 11, 11),
       ('Carolee', '1993/10/29', 12, 12),
       ('Perry', '1990/08/15', 13, 13),
       ('Joanna', '1991/08/08', 14, 14),
       ('Gwenny', '1950/07/04', 15, 15),
       ('Sal', '1993/03/14', 16, 16),
       ('Katharine', '1969/08/14', 17, 17),
       ('Wren', '1946/09/28', 18, 18),
       ('Jaquelin', '1960/02/28', 19, 19),
       ('Lindie', '1968/08/14', 20, 20);

-- entry
insert into entry(client_name, animal_id, data, reason, id)
values ('Kacey', 1, '2018/12/21','Complete traumatic transphalangeal amputation', 1),
       ('Tripp', 2,'2019/08/13', 'kleshch',2),
       ('Adamo', 3, '2019/06/28', 'Oth diab with prolif diabetic rtnop with macular edema, unsp',3),
       ('Thadeus', 4, '2019/05/09', 'kleshch', 4),
       ('Humberto', 5, '2019/02/04', 'Unsp injury of radial artery at wrs/hnd lv of left arm, subs', 5),
       ('Winnifred', 6, '2019/07/16', 'Maternal care for retroversion of gravid uterus', 6),
       ('Karylin', 7, '2019/01/24', 'Displacement of int fix of bone of left lower leg, sequela', 7),
       ('Van', 8, '2019/01/21', 'Corros 1st deg mult site of r shldr/up lmb, ex wrs/hnd, init', 8),
       ('Kerianne', 9, '2019/10/08', 'Puncture wound w foreign body of right buttock, subs encntr', 9),
       ('Leonerd', 10, '2019/06/05', 'Nondisp oblique fx shaft of l tibia, 7thN', 10),
       ('Markus', 11, '2019/03/06', 'kleshch', 11),
       ('Carolee', 12, '2019/10/29', 'kleshch', 12);

-- bill
insert into bill (sum, id, entry_id) 
values ('6089.91', 1, 1),
       ('394.81', 2, 2),
       ('5959.38', 3, 3),
       ('6318.82', 4, 4),
       ('1990.27', 5, 5),
       ('3187.83', 6, 6),
       ('955.38', 7, 7),
       ('3903.19', 8, 8),
       ('1181.56', 9, 9),
       ('5890.29', 10, 10),
       ('1436.85', 11, 11),
       ('4053.68', 12, 12);

-- doc
insert into doctor (id, name, experience, work_start, work_end) 
values (1, 'Abbot', 22, '9:59', '19:17'),
      (2, 'Othello', 10, '9:40', '19:21'),
      (3, 'Enrico', 24, '8:09', '19:34'),
      (4, 'Hazel', 17, '8:55', '19:32'),
      (5, 'Delmar', 23, '8:03', '19:32'),
      (6, 'Nancy', 9, '8:14', '18:04'),
      (7, 'Kareem', 22, '9:06', '18:56'),
      (8, 'Beauregard', 11, '8:04', '18:13'),
      (9, 'Christoph', 15, '9:30', '19:52'),
      (10, 'Zaria', 19, '8:44', '18:14');

-- med what have
insert into what_med_have (doctor_id, med_id) 
values (2, 73),
       (10, 18),
       (2, 24),
       (5, 34),
       (3, 75),
       (9, 12),
       (4, 39),
       (2, 65),
       (6, 16),
       (5, 40),
       (3, 61),
       (7, 54),
       (3, 42),
       (6, 20),
       (5, 57),
       (9, 28),
       (8, 10),
       (8, 85),
       (10, 5),
       (1, 55),
       (6, 98),
       (9, 90),
       (9, 92),
       (2, 96),
       (2, 77),
       (1, 24),
       (4, 82),
       (3, 50),
       (5, 84),
       (5, 11),
       (7, 23),
       (10, 48),
       (1, 44),
       (1, 17),
       (7, 100),
       (2, 50),
       (10, 22),
       (7, 31),
       (3, 67),
       (10, 34),
       (9, 1),
       (6, 6),
       (7, 33),
       (10, 23),
       (1, 92),
       (5, 70),
       (7, 55),
       (10, 30),
       (2, 29),
       (4, 30),
       (2, 80),
       (10, 32),
       (6, 72),
       (9, 95),
       (7, 16),
       (1, 15),
       (5, 50),
       (6, 59),
       (9, 19),
       (7, 36),
       (8, 66),
       (5, 85),
       (10, 7),
       (6, 23),
       (7, 21),
       (4, 72),
       (8, 21),
       (1, 71),
       (4, 22),
       (4, 4),
       (2, 76),
       (8, 32),
       (7, 49),
       (6, 80),
       (8, 38),
       (2, 37),
       (7, 39),
       (8, 55),
       (1, 6),
       (4, 91),
       (2, 27),
       (7, 10),
       (3, 57),
       (4, 64),
       (9, 32),
       (10, 84),
       (2, 70),
       (2, 15),
       (3, 87),
       (8, 51),
       (3, 98),
       (3, 3),
       (6, 85),
       (4, 7),
       (6, 29),
       (1, 77),
       (2, 53),
       (2, 94),
       (5, 6),
       (4, 48),
       (5, 91),
       (1, 45),
       (8, 44),
       (3, 76),
       (4, 94),
       (8, 15),
       (10, 12),
       (6, 44),
       (5, 58),
       (1, 35),
       (8, 30),
       (5, 22),
       (6, 93),
       (6, 12),
       (5, 26),
       (7, 57),
       (6, 53),
       (6, 41),
       (10, 38),
       (8, 64),
       (8, 63),
       (6, 83),
       (7, 98),
       (7, 79),
       (5, 51),
       (10, 1),
       (8, 54),
       (6, 100),
       (3, 29),
       (10, 79),
       (1, 76),
       (6, 42),
       (9, 41),
       (6, 87),
       (10, 83),
       (4, 28),
       (4, 17),
       (2, 66),
       (1, 9),
       (2, 31);

-- what eq have
insert into what_eq_have (doctor_id, eq_id) 
values (8, 5),
      (10, 20),
      (10, 1),
      (4, 18),
      (5, 16),
      (3, 14),
      (3, 12),
      (9, 11),
      (6, 10),
      (9, 15),
      (1, 5),
      (1, 15),
      (6, 9),
      (8, 13),
      (3, 7),
      (1, 16),
      (2, 6),
      (3, 1),
      (8, 16),
      (9, 19),
      (5, 13),
      (8, 1),
      (1, 11),
      (3, 19),
      (3, 5),
      (8, 19),
      (2, 9),
      (8, 4),
      (5, 18),
      (8, 20),
      (4, 15),
      (6, 7),
      (9, 18),
      (6, 5),
      (7, 19),
      (4, 12),
      (8, 11),
      (9, 2),
      (3, 16),
      (6, 3),
      (8, 2),
      (2, 10),
      (8, 8),
      (2, 2),
      (1, 6),
      (4, 19);